first,last
Travis,Garden
Payton,Gas
Alaura,Gate
Jessica,Gemstone
Tyler,Girl
Madelyn,Gloves
Chloe,God
Ainsleigh,Grapes
Joshua,Guitar
Cara,Hammer
Jadyn,Hat
Thomas,Hieroglyph
Savannah,Highway
Kylie,Horoscope
Alexa,Horse
Austin,Hose
Conner,Ice
Madison,Ice-cream
Peyton,Insect
Cadence,Jet fighter
Luke,Junk
Connor,Kaleidoscope
Avary,Kitchen
Khloe,Knife
Trevor,Leather jacket
Cheyenne,Leg
Jeriah,Library
Avery,Liquid
Cailin,Magnet
Jordan,Man
KaliAnna,Map
Tyler,Maze
Jakob,Meat
Madison,Meteor
Kylie,Microscope
Logan,Milk
Austin,Milkshake
Emma,Mist
Bryce,MoneyYo
Meg,Monster
Calin,Mosquito
Hailey,Mouth
Trey,Nail
Breanna,Navy
Autumn,Necklace
Dawson,Needle
Mason,Onion
Logan,PaintBrush
Madison,Pants
Alexandra,Parachute
Alaina,Passport
Raychel,Pebble
Tucker,Pendulum
Brady,Pepper
Booker,Perfume
Cara,Pillow
Cooper,Plane
Braxton,Planet
Jasmine,Pocket
Easton,Post-office
Paige,Potato
Joseph,Printer
Owen,Prison
Mallory,Pyramid
Shayla,Radar
Devin,Rainbow
Sloan,Record
Elizabeth,Restaurant
Cadence,Rifle
